date,week,price_cop_per_kg
7/1/2013,1 – 7,3762.5
7/1/2013,8 – 4,3797.5
7/1/2013,15 – 21,3737.5
7/1/2013,22 – 28,3797.5
8/1/2013,29 –  4,3937.5
8/1/2013,5 – 1,3897.5
8/1/2013,12 – 18,4012.5
8/1/2013,19 – 25,4137.5
8/1/2013,26 –  1,4217.5
9/1/2013,2 – 8,4287.5
9/1/2013,9 – 5,4287.5
9/1/2013,16 – 22,4462.5
9/1/2013,23 – 29,4477.5
10/1/2013,30 –  6,4437.5
10/1/2013,7 – 3,4487.5
10/1/2013,14 – 20,4637.5
10/1/2013,21 – 27,4687.5
10/1/2013,28 –  3,4687.5
11/1/2013,4 – 10,4675
11/1/2013,11 – 17,4712.5
11/1/2013,18 – 24,4712.5
11/1/2013,25 – 30,4837.5
12/1/2013,2 – 8,4887.5
12/1/2013,9 – 5,4887.5
12/1/2013,16 – 22,4887.5
12/1/2013,23 – 29,4887.5
1/1/2014,30 –  5,4887.5
1/1/2014,6 – 2,4887.5
1/1/2014,13 – 19,4687.5
1/1/2014,20 – 26,4737.5
2/1/2014,27 –  2,4737.5
2/1/2014,3 – 9,4937.5
2/1/2014,10 – 16,5087.5
2/1/2014,17 – 22,5087.5
2/1/2014,23 – 28,5300
3/1/2014,3 – 9,5325
3/1/2014,10 – 16,5375
3/1/2014,17 – 23,5375
3/1/2014,24 – 30,5475
4/1/2014,31 –  6,5475
4/1/2014,7 – 3,5425
4/1/2014,14 – 20,5425
4/1/2014,21 – 27,5425
5/1/2014,28 –  4,5425
5/1/2014,5 – 1,5425
5/1/2014,12 – 18,5325
5/1/2014,19 – 25,5200
5/1/2014,26 –  1,5100
6/1/2014,2 – 8,5100
6/1/2014,9 – 5,5262.5
6/1/2014,16 – 22,5262.5
6/1/2014,23 – 29,5262.5
7/1/2014,31 –  6,5212.5
7/1/2014,7 – 3,5212.5
7/1/2014,14 – 20,5212.5
7/1/2014,21 – 27,5212.5
8/1/2014,28 –  3,5212.5
8/1/2014,4 – 10,5225
8/1/2014,11 – 17,5325
8/1/2014,18 – 24,5362.5
8/1/2014,25 – 31,5362.5
9/1/2014,1 – 7,5462.5
9/1/2014,8 – 4,5462.5
9/1/2014,15 – 21,5365
9/1/2014,22 – 28,5475
10/1/2014,29 –  5,5632.5
10/1/2014,6 – 2,5632.5
10/1/2014,13 – 19,5632.5
10/1/2014,20 – 26,5682.5
10/1/2014,27 –  2,5737.5
11/1/2014,3 – 9,5687.5
11/1/2014,10 – 16,5387.5
11/1/2014,17 – 22,5477.5
11/1/2014,23 – 30,5502.5
12/1/2014,1 – 7,5652.5
12/1/2014,8 – 4,5800
12/1/2014,15 – 21,6032.5
12/1/2014,22 – 29,6242.5
1/1/2015,5 – 1,6242.5
1/1/2015,12 – 18,6242.5
1/1/2015,19 – 25,6405
1/1/2015,26 – 31,5932.5
2/1/2015,1 – 7,5762.5
2/1/2015,8 – 4,5762.5
2/1/2015,15 – 21,5867.5
2/1/2015,22 – 28,6082.5
3/1/2015,1 – 7,6082.5
3/1/2015,8 – 4,6312.5
3/1/2015,15 – 21,6312.5
3/1/2015,22 – 28,6168
4/1/2015,30 –  5,6168
4/1/2015,6 – 2,6040
4/1/2015,13 – 19,6040
4/1/2015,20 – 26,6040
5/1/2015,27 –  3,6012.5
5/1/2015,4 – 0,5980
5/1/2015,11 – 17,5980
5/1/2015,18 – 24,6062.5
5/1/2015,25 – 31,6295
6/1/2015,1 – 7,6295
6/1/2015, 8 – 14,6637.5
6/1/2015,15 – 21,6595
6/1/2015,22 – 28,6670
6/1/2015,29 – 05,6837.5
7/1/2015,6 – 2,6905
7/1/2015,13 – 19,7242.5
7/1/2015,20 – 26,7340
7/1/2015,27 –  2,7340
8/1/2015,3 – 9,7340
8/1/2015,10 – 16,7477.5
8/1/2015,17 – 23,7325
8/1/2015,24 – 30,7420
9/1/2015,31 –  6,7920
9/1/2015,7 – 3,7850
9/1/2015,14 – 20,7935
9/1/2015,21 – 27,7935
9/1/2015,28 –  4,8262.5
10/1/2015,5 – 1,8097.5
10/1/2015,12 – 18,7827.5
10/1/2015,19 – 25,7625
10/1/2015,26 –  1,7762.5
11/1/2015,2 – 8,7960
11/1/2015,9 – 5,7807.5
11/1/2015,16 – 22,8112.5
11/1/2015,23 – 29,8537.5
12/1/2015,30 –  6,8672.5
12/1/2015,7 – 3,8800
12/1/2015,14 – 20,9245
12/1/2015,21 – 27,9342.5
12/1/2015,28 –  3,8872.5
1/1/2016,4 – 0,8562.5
1/1/2016,11 – 17,8292.5
1/1/2016,18 – 24,7922.5
1/1/2016,25 – 31,8000
2/1/2016,1 – 7,8090
2/1/2016,8 – 4,8040
2/1/2016,15 – 21,7995
2/1/2016,22 – 28,8280
3/1/2016,29 –  6,8412.5
3/1/2016,7 – 3,8247.5
3/1/2016,14 – 20,8380
3/1/2016,21 – 27,8152.5
3/1/2016,28 –  3,8152.5
4/1/2016,4 – 0,7725
4/1/2016,11 – 17,7725
4/1/2016,18 – 24,7725
4/1/2016,25 –  1,7985
5/1/2016,2 – 8,8190
5/1/2016,9 – 5,8190
5/1/2016,16 – 22,8025
5/1/2016,23 – 29,8150
6/1/2016,30 –  5,8100
6/1/2016,6 – 2,8275
6/1/2016,13 – 19,8035
6/1/2016,20 – 26,8205
6/1/2016,27 –  3,8122.5
7/1/2016,4 – 10,8080
7/1/2016,11 – 17,8080
7/1/2016,18 – 24,7980
7/1/2016,25 – 31,7735
8/1/2016,1 – 7,7735
8/1/2016,8 – 4,8032.5
8/1/2016,15 – 21,7955
8/1/2016,22 – 28,7955
8/1/2016,29 –  4,7955
9/1/2016,5 – 1,7955
9/1/2016,12 – 18,7700
9/1/2016,19 – 25,7700
9/1/2016,26 –  2,7775
10/1/2016,3 – 9,7875
10/1/2016,10 – 16,7875
10/1/2016,17 – 23,7767.5
10/1/2016,24 – 30,7767.5
11/1/2016,31 –  6,7530
11/1/2016,7 – 3,7607.5
11/1/2016,14 – 20,7132.5
11/1/2016,21 – 27,6947.5
12/1/2016,28 –  4,6947.5
12/1/2016,5 – 1,6757.5
12/1/2016,12 – 18,6650
12/1/2016,19 – 25,6597.5
12/1/2016,26 – 31,6225
1/1/2017,2 – 8,6225
1/1/2017,9 – 5,5955
1/1/2017,16 – 22,5875
1/1/2017,23 – 29,5925
2/1/2017,30 –  5,5907.5
2/1/2017,6 – 2,5722.5
2/1/2017,13 – 19,5665
2/1/2017,20 – 26,5665
3/1/2017,27 – 05,5665
3/1/2017,06 – 12,5645
3/1/2017,13 – 19,5637.5
3/1/2017,20 – 26,5677.5
3/1/2017,27 – 02,5750
4/1/2017,03 – 09,5710
4/1/2017,10 – 16,5635
4/1/2017,17 – 23,5212.5
4/1/2017,24 – 30,5015
5/1/2017,01 – 07,4642.5
5/1/2017,08 – 14,4490
5/1/2017,15 – 21,4882
5/1/2017,22 – 28,5022
5/1/2017,29 – 04,4924
6/1/2017,04 – 11,4980
6/1/2017,12 – 18,4878
6/1/2017,19 – 25,4924
6/1/2017,26 – 02,4744
7/1/2017,03 – 09,4780
7/1/2017,10 – 16,4974
7/1/2017,17 – 23,4836
7/1/2017,24 – 30,4944
7/1/2017,31 – 06,4994
8/1/2017,07 – 13,5168
8/1/2017,14 – 20,5052
8/1/2017,21 – ​​27,4816
8/1/2017,28 – 03,4856
9/1/2017,04 – 10,4888
9/1/2017,11 – 17,4792
9/1/2017,18 – 24,4904
9/1/2017,25 – 01,4904
10/1/2017,02 – 08,4996
10/1/2017,09 – 15,5116
10/1/2017,16 – 22,5234
10/1/2017,23 – 29,5230
10/1/2017,30 – 05,5246
11/1/2017,06 – 12,5358
11/1/2017,13 – 19,5448.3
11/1/2017,20 – 26,5442
11/1/2017,27 – 03,5402
12/1/2017,04 – 10,5372
12/1/2017,11 – 17,4970
12/1/2017,18 – 24,4930
12/1/2017,25 – 31,4846
1/1/2018,01 – 07,4846
1/1/2018,08 – 14,4730
1/1/2018,15 – 21,4814
1/1/2018,22 – 28,4872
1/1/2018,29 – 04,4718
2/1/2018,05 – 11,4848
2/1/2018,12 – 18,4857
2/1/2018,19 – 25,5054
2/1/2018,26 – 4 ,5172
3/1/2018,5 – 1,5295
3/1/2018,12 – 18,5971
3/1/2018,19 – 25,6250
3/1/2018,26 – 01,6252
4/1/2018,02 – 08,6357
4/1/2018,09 – 15,6210
4/1/2018,16 – 22,6068
4/1/2018,23 – 29,6330
4/1/2018,30 – 06,6686
5/1/2018,07 – 13,6686
5/1/2018,14 – 20,6750
5/1/2018,21 – 27,6748.3
5/1/2018,28 – 03,6508.3
6/1/2018,04 – 10,6198.3
6/1/2018,11 – 17,5776.7
6/1/2018,18 – 24,5890
6/1/2018,25 – 01,6205
7/1/2018,02 – 08,6073.03
7/1/2018,09 – 15,6153.3
7/1/2018,16 – 22,6148.3
7/1/2018,23 – 29,5865
8/1/2018,30 –  5,5640
8/1/2018,6 – 2,5351.7
8/1/2018,13 – 19,5350
8/1/2018,20 – 26,5506.7
8/1/2018,27 – 02,5763.3
9/1/2018,03 – 09,5948.3
9/1/2018,10 – 16,6033.3
9/1/2018,17 – 23,6033.3
9/1/2018,24 – 30,5998.3
10/1/2018,1 – 7,5730
10/1/2018,8 – 4,5380
10/1/2018,15 – 21,5505
10/1/2018,22 – 28,5883.3
10/1/2018,29 – 04,5921.7
11/1/2018,5 – 1,6220
11/1/2018,12 – 18,6333.3
11/1/2018,19 – 25,6201
11/1/2018,26 –  2,6091.3
12/1/2018,3 – 15,6072.5
12/1/2018,10 – 16,6010.3
12/1/2018,17 – 23,5968.7
12/1/2018,24 – 30,6087.7
1/1/2019,31 – 06,6148.3
1/1/2019,07 – 13,6346.8
1/1/2019,14 – 20,6393.8
1/1/2019,21 – 27,6124.2
1/1/2019,28 – 03,6021.7
2/1/2019,04 – 10,5891.7
2/1/2019,11 – 17,5927.2
2/1/2019,18 – 24,6081.8
2/1/2019,25 – 03,6104.7
3/1/2019,04 – 10,6055
3/1/2019,11 – 17,5971.5
3/1/2019,18 – 24,5976.2
3/1/2019,25 – 31,5778.7
4/1/2019,01 – 07,5916
4/1/2019,08 – 14,6205.7
4/1/2019,15 – 21,6303.8
4/1/2019,22 – 28,6361.8
5/1/2019,29 –  5,6232
5/1/2019,6 – 2,6453.5
5/1/2019,13 – 19,6491.7
5/1/2019,20 – 26,6584
6/1/2019,27 – 02,6918.5
6/1/2019,03 – 09,6990
6/1/2019,10 – 16,6880.5
6/1/2019,17 – 23,7033.3
6/1/2019,24 – 30,7024.3
7/1/2019,1 – 7,6842.5
7/1/2019,8 – 4,6758.7
7/1/2019,15 – 21,6770.7
7/1/2019,22 – 28,6695.2
8/1/2019,29 – 04,6690
8/1/2019,05 – 11,6691.7
8/1/2019,12 – 18,6671.7
8/1/2019,19 – 25,6493.5
8/1/2019,26 – 01,6492.2
9/1/2019,02 – 08,6636.7
9/1/2019,09 – 15,6669.5
9/1/2019,16 – 22,6778.3
9/1/2019,23 – 29,7021.8
10/1/2019,30 – 06,7308.3
10/1/2019,07 – 13,7525
10/1/2019,14 – 20,7433.7
10/1/2019,21 – 27,7573.3
11/1/2019,28 – 03,7418.3
11/1/2019,4 – 10,7290
11/1/2019,11 – 17,7258.3
11/1/2019,18 – 24,7554.7
11/1/2019,25 – 01,7813.8
12/1/2019,02 – 08,7930.8
12/1/2019,09 – 15,7868.8
12/1/2019,16 – 22,7689.8
12/1/2019,23 – 9 ,7552
1/1/2020,30 – 05,7100.5
1/1/2020,06 – 12,7023.8
1/1/2020,13 – 19,7312.7
1/1/2020,20 – 26,7434
1/1/2020,27 – 02,7875.7
2/1/2020,03 – 09,7954.5
2/1/2020,10 – 16,8175.2
2/1/2020,17 – 23,8506
2/1/2020,23 – 01,8556
3/1/2020,02 – 08,8457.2
3/1/2020,09 – 15,8350
3/1/2020,16 – 22,8613.5
3/1/2020,23 – 29,8352.8
4/1/2020,30 – 05,8200.3
4/1/2020,06 – 12,8275.8
4/1/2020,13 – 19,8215
4/1/2020,20 – 26,8041.8
4/1/2020,27 – 03,8396.8
5/1/2020,04 – 10,8512.5
5/1/2020,11 – 17,8524
5/1/2020,18 – 24,8601
5/1/2020,25 – 31,8349.2
6/1/2020,01 – 07,8128.2
6/1/2020,08 – 14,7918.2
6/1/2020,15 – 21,7847.5
6/1/2020,22 – 28,7520.7
7/1/2020,29 – 05,7479.7
7/1/2020,06 – 12,7215.5
7/1/2020,13 – 19,6877.7
7/1/2020,20 – 26,6940
8/1/2020,27 – 02,7073.8
8/1/2020,03 – 09,7323.2
8/1/2020,10 – 16,7609.8
8/1/2020,17 – 23,7984.2
8/1/2020,24 – 30,8046.7
9/1/2020,31 – 06,8270.8
9/1/2020,07 – 13,8528.3
9/1/2020,14 – 20,8460
9/1/2020,21 – 27,8560.5
9/1/2020,28 – 04,8786.7
10/1/2020,05 – 11,8940.7
10/1/2020,12 – 18,8780
10/1/2020,19 – 25,8292.3
10/1/2020,26 – 01,8408
11/1/2020,02 – 08,8446.7
11/1/2020,09 – 15,8086.7
11/1/2020,16 – 22,7995
11/1/2020,23 – 29,8293.3
11/1/2020,30 – 06,8808.3
12/1/2020,07 – 13,8405.3
12/1/2020,14 – 20,8125
12/1/2020,21 – 27,8075
12/1/2020,27 – 03,8048.3
1/1/2021,04 – 10,8061.8
1/1/2021,11 – 17,7806.7
1/1/2021,18 – 24,7781.7
1/1/2021,25 – 31,7848.3
2/1/2021,01 – 07,7935.3
2/1/2021,08 – 14,7902
2/1/2021,15 – 21,7660.2
2/1/2021,22 – 28,7336
3/1/2021,01 – 07,7522.2
3/1/2021,08 – 14,7808
3/1/2021,14 – 21,7737.7
3/1/2021,22 – 28,7722.2
4/1/2021,29 – 04,7653.3
4/1/2021,05 – 11,7527.7
4/1/2021,12 – 18,7437
4/1/2021,19 – 25,7456.3
4/1/2021,26 – 02,7447.7
5/1/2021,03 – 09,7531.3
5/1/2021,10 – 16,7547.3
5/1/2021,17 – 23,7567.3
5/1/2021,24 – 30,7555.7
6/1/2021,31 – 06,7479.5
6/1/2021,07 – 13,7441.3
6/1/2021,14 – 20,7164.7
6/1/2021,21 – 27,6983.7
7/1/2021,28 – 04,6976.2
7/1/2021,05 – 11,6927.5
7/1/2021,12 – 18,6886
7/1/2021,19 – 25,6960
7/1/2021,26 – 01,6996.7
8/1/2021,02 – 08,7130.5
8/1/2021,09 – 15,7407.2
8/1/2021,16 – 22,7852
8/1/2021,23 – 29,8208.5
8/1/2021,30 – 05,8185.3
9/1/2021,05 – 12,8096.3
9/1/2021,13 – 19,8289.5
9/1/2021,20 – 26,8332
9/1/2021,27 – 03,8339.5
10/1/2021,04 – 10,8504
10/1/2021,11 – 17,8782
10/1/2021,18 – 24,8512.2
10/1/2021,25 – 31,8299.5
11/1/2021,01 – 07,8310.3
11/1/2021,08 – 14,7937.7
11/1/2021,15 – 21,8118.2
11/1/2021,22 – 28,8396
12/1/2021,29 – 05,8411.8
12/1/2021,06 – 12,8040.4
12/1/2021,13 – 19,8175.3
12/1/2021,20 – 26,8359
12/1/2021,27 – 02,8359
1/1/2022,03 – 09,8408.5
1/1/2022,10 – 16,8469
1/1/2022,17 – 23,8654.5
1/1/2022,24 – 30,8943.8
2/1/2022,31 – 06,8664
2/1/2022,07 – 13,8814
2/1/2022,14 – 20,9153.5
2/1/2022,21 – 27,9028.2
3/1/2022,28 – 06,8955.3
3/1/2022,07 – 13,8562
3/1/2022,14 – 20,8696.2
3/1/2022,21 – 27,8527.7
3/1/2022,28 – 03,8536.5
4/1/2022,04 – 10,8543
4/1/2022,11 – 17,8436
4/1/2022,18 – 24,8436
4/1/2022,25 – 01,8436
5/1/2022,02 – 08,8378.3
5/1/2022,09 – 15,8582.5
5/1/2022,16 – 22,8478.2
5/1/2022,23 – 29,8282.3
5/1/2022,30 – 05,8006.7
6/1/2022,06 – 12,7992.2
6/1/2022,13 – 19,7916.2
6/1/2022,20 – 26,7789.2
6/1/2022,27 – 03,7852.5
7/1/2022,04 – 10,7885.8
7/1/2022,11 – 17,8243.7
7/1/2022,18 – 24,8563.3
7/1/2022,25 – 31,8628.3
8/1/2022,01 – 07,8628.3
8/1/2022,08 – 14,8491.3
8/1/2022,15 – 21,8579.16
8/1/2022,22 – 28,8625
8/1/2022,29 – 04,8699.2
9/1/2022,05 – 11,8855.8
9/1/2022,12 – 18,8815.8
9/1/2022,19 – 25,8717.5
9/1/2022,26 – 02,8662.5
10/1/2022,03 – 09,8811.66
10/1/2022,10 – 16,8985
10/1/2022,17 – 23,9008.3
10/1/2022,24 – 30,9258.5
10/1/2022,31 – 06,9399.2
11/1/2022,07 – 13,9647.5
11/1/2022,14 – 20,9918
11/1/2022,21 – 27,10008.3
11/1/2022,28 – 04,9966.7
12/1/2022,05 – 11,9990
12/1/2022,12 – 18,9996.3
12/1/2022,19 – 25,9985
12/1/2022,26 – 01,10095
1/1/2023,02 – 08,10095
1/1/2023,09 – 15,10462.2
1/1/2023,16 – 22,10530.8
1/1/2023,23 – 29,10580
2/1/2023,30 – 05,10820
2/1/2023,06 – 12,10857.8
2/1/2023,13 – 19,10924.5
2/1/2023,20 – 26,11246.7
2/1/2023,27 – 05,11559.7
3/1/2023,06 – 12,11867.5
3/1/2023,13 – 19,11748.3
3/1/2023,20 – 26,11576.7
3/1/2023,27 – 02,11691.7
4/1/2023,03 – 09,11640
4/1/2023,10 – 16,11641.7
4/1/2023,17 – 23,11552
4/1/2023,24 – 30,11618.7
5/1/2023,01 – 07,11688.3
5/1/2023,08 – 14,11858.3
5/1/2023,15 – 21,11925
5/1/2023,22 – 28,12075
5/1/2023,29 – 04,12207.5
6/1/2023,05 – 11,12187.7
6/1/2023,12 – 18,11929.2
6/1/2023,19 – 25,11926.5
6/1/2023,26 – 02,11900.8
7/1/2023,03 – 09,12015
7/1/2023,10 – 16,12234.2
7/1/2023,17 – 23,12335
7/1/2023,24 – 30,12300
8/1/2023,31 – 06,12400
8/1/2023,07 – 13,12449.7
8/1/2023,14 – 20,12140
8/1/2023,21 – 27,12106.7
8/1/2023,28 – 03,12140.2
9/1/2023,04 – 10,12172.5
9/1/2023,11 – 17,12462.2
9/1/2023,18 – 24,12506.7
9/1/2023,25 – 01,12396.8
10/1/2023,02 – 08,12335
10/1/2023,09 – 15,12449.2
10/1/2023,16 – 22,12613.3
10/1/2023,23 – 29,12889.17
10/1/2023,30 – 05,13166.7
11/1/2023,06 – 12,13337.3
11/1/2023,13 – 19,13531.7
11/1/2023,20 – 26,13657.5
11/1/2023,27 – 03,14038.3
12/1/2023,04 – 10,14154.6
12/1/2023,11 – 17,14161.7
12/1/2023,18 – 24,14261.7
12/1/2023,25 – 31,14271.7
1/1/2024,01 – 07,14271.7
1/1/2024,08 – 14,14223.3
1/1/2024,15 – 21,14086.3
1/1/2024,22 – 28,14329.2
1/1/2024,29 – 04,14530.8
2/1/2024,05 – 11,14765.8
2/1/2024,12 – 18,15369.8
2/1/2024,19 – 25,16606.7
2/1/2024,26 – 03,17217.3
3/1/2024,04 – 10,17846.3
3/1/2024,11 – 17,18881.7
3/1/2024,18 – 24,22421.72
3/1/2024,25 – 31,26609.7
4/1/2024,01 – 07,30037.7
4/1/2024,08 – 14,32657.7
4/1/2024,15 – 21,35032.8
4/1/2024,22 – 28,36444.7
5/1/2024,29 – 05,38636.7
5/1/2024,06 – 12,28363.83
5/1/2024,13 – 19,28908.3
5/1/2024,20 – 26,25275
5/1/2024,27 – 02,25158.3
6/1/2024,03 – 09,28234.7
6/1/2024,10 – 16,31491.7
6/1/2024,17 – 23,34191.7
6/1/2024,24 – 30,32950.7
7/1/2024,01 – 07,28029.5
7/1/2024,08 – 14,27896.5
7/1/2024,15 – 21,29218
7/1/2024,22 – 28,29380.8
7/1/2024,29 – 04,30001.3
8/1/2024,05 – 11,29737
8/1/2024,12 – 18,30532.5
8/1/2024,19 – 25,28863.7
8/1/2024,26 – 01,29505
9/1/2024,02 – 08,31460.8
9/1/2024,09 – 15,29681
9/1/2024,16 – 22,30525.8
9/1/2024,23 – 29,30882.2
9/1/2024,30 – 06,31437.7
10/1/2024,07 – 13,29845
10/1/2024,14 – 20,30178.3
10/1/2024,21 – 27,32445
10/1/2024,28 – 03,29553.7
11/1/2024,04 – 10,31241.3
11/1/2024,11 – 17,30069.2
11/1/2024,18 – 24,31529.2
11/1/2024,25 –  1,32570
12/1/2024,02 – 08,32570.7
12/1/2024,09 – 15,32459.7
12/1/2024,26 – 22,33968.3
1/1/2024,30 –  5,34900.8
1/1/2025,06 – 12,34633.5
1/1/2025,13 – 19,34229.2
1/1/2025,20 – 26,33817.8
1/1/2025,27 –  2,33831.3
2/1/2025,03 – 09,33611
2/1/2025,10 – 16,31623.5
2/1/2025,17 – 23,30533.7
2/1/2025,24 –  2,28345
3/1/2025,3 – 9,26468.3
3/1/2025,​10 –  17,23462.8
3/1/2025,17 – 23,22958.2
3/1/2025,24 – 30,23730.8
3/1/2025,31 –  6,23407.5
4/1/2025,7 – 3,23842.2
4/1/2025,14 – 20,25156
4/1/2025,21 – 27,25759.3
4/1/2025,28 –  4,27686.7
5/1/2025,5 – 1,27484.2
5/1/2025,12 – 18,28050.8
5/1/2025,19 – 25,30397
5/1/2025,26 –  1,31486.5
6/1/2025,2 – 8,27863.5
6/1/2025,9 – 5,28895
6/1/2025,16 – 22,30544.5
6/1/2025,23 – 29,28000.8
6/1/2025,30 –  6,27960.7
7/1/2025,7 – 3,25977.5
7/1/2025,14 – 20 ,25323
7/1/2025,21 – 7 ,23490
7/1/2025,28 – 03,23747
